channel,campaign_id,total_transactions,total_revenue
Organic,0,54685,9108235.6
Direct,0,20055,2249024.28
ORGANIC,0,2710,270914.34
Paid Search,44,1813,179448.45
Paid Search,18,1827,177327.64
Paid Search,7,1743,170770.02
Paid Search,5,1721,170604.18
Paid Search,29,1751,167479.5
Paid Search,17,1699,167169.34
Paid Search,31,1689,166166.6
Paid Search,2,1690,164143.08
Paid Search,9,1666,163904.98
Paid Search,16,1681,163537.87
Paid Search,49,1714,163239.25
Paid Search,25,1740,162751.81
Paid Search,40,1656,161843.18
Paid Search,4,1681,161278.35
Paid Search,36,1653,160815.7
Paid Search,8,1703,157939.07
Paid Search,33,1580,155775.58
Paid Search,11,1592,155555.38
Paid Search,19,1582,153947.23
Paid Search,39,1609,153635.34
Paid Search,37,1583,153165.51
Paid Search,21,1600,152714.41
Paid Search,48,1595,152212.17
Paid Search,23,1601,150343.83
Paid Search,43,1487,147559.1
Paid Search,28,1531,145595.11
Paid Search,3,1520,145587.02
Paid Search,45,1484,144575.25
Paid Search,15,1454,142292.73
Paid Search,14,1510,141518.59
Paid Search,6,1539,140927.87
Paid Search,27,1433,140293.79
Paid Search,42,1417,136435.72
Paid Search,24,1389,135955.79
Email,25,1354,135452.61
Paid Search,47,1392,134885.3
Social,7,1339,133745.94
Paid Search,38,1422,132741.81
Paid Search,35,1328,132205.24
Paid Search,20,1363,131209.41
Paid Search,10,1275,130767.67
Email,18,1363,130210.35
Email,17,1386,129564.08
Social,29,1312,129557.58
Paid Search,13,1390,128508.43
Email,5,1382,128035.85
Paid Search,34,1272,127895.61
Email,29,1311,127593.39
Email,45,1288,126905.71
Paid Search,41,1314,126687.83
Email,2,1299,126595.67
Paid Search,32,1303,126473.38
Paid Search,30,1318,125834.71
Social,49,1245,125496.15
Email,49,1335,125210.8
Email,33,1259,124996.94
Email,16,1302,124770.51
Email,44,1309,124340.4
Email,9,1283,123907.76
Paid Search,22,1295,123146.73
Email,36,1239,122748.13
Email,23,1263,122473.79
Email,8,1259,122088.42
Email,7,1293,122026.66
Social,18,1262,120808.13
Email,40,1288,120716.66
Email,39,1250,120507.46
Social,44,1263,120338.78
Social,17,1282,120291.5
Email,6,1236,120011.09
Email,37,1243,119882.98
Social,4,1201,118824.16
Email,48,1265,118104.31
Email,31,1252,117952.64
Paid Search,26,1232,117267.01
Social,36,1236,117265.05
Social,5,1198,116530.21
Paid Search,46,1186,116293.25
Social,8,1153,115569.16
Email,4,1226,115399.45
Paid Search,12,1221,115165.75
Email,14,1198,115070.23
Social,16,1188,114534.51
Social,40,1130,114312.88
Paid Search,1,1166,114288.03
Social,25,1146,113071.3
Social,31,1148,113031.59
Social,33,1107,112353.44
Social,14,1125,111992.25
Email,19,1139,111863.81
Email,21,1139,111693.78
Email,15,1198,111393.47
Email,43,1148,110626.96
Social,45,1177,109980.25
Paid Search,50,1174,109926.47
Email,3,1136,108607.24
Social,11,1150,108382.66
Email,38,1104,107452.45
Email,28,1168,107280.11
Email,11,1148,106648.94
Social,43,1038,105008.56
Email,47,1116,104073.51
Social,23,1069,103906.57
Social,39,1088,103713.1
Email,27,1080,103699.16
Social,2,1085,103675.89
Email,24,1037,103381.96
Social,47,1006,102766.88
Email,13,1019,102015.55
Social,21,1052,101626.46
Social,37,1067,101586.65
Social,9,1068,101128.87
Email,30,1018,100520.48
Email,46,1013,100471.86
Social,3,1109,100400.88
Email,32,1020,100321.43
Email,10,1038,100287.32
Social,32,1001,99253.74
Email,26,1042,99192.72
Social,28,1063,98754.56
Email,41,1024,98714.02
Social,27,1044,98502.76
Social,19,1026,98437.54
Social,6,1005,98171.28
Social,15,1036,97886.86
Email,22,972,97723.75
Email,35,1015,96691.89
Email,42,1021,96575.31
Email,34,1011,96203.33
Social,38,976,94277.62
Email,20,976,92976.94
Email,50,966,92907.8
Social,41,903,92760.51
Social,24,955,92296.27
Social,48,1012,90985.95
Social,12,952,90658.56
Social,22,915,90653.6
Social,13,960,89644.68
Social,20,906,89636.15
Email,1,923,88476.77
Social,42,890,88332.96
Social,30,918,86966.73
Email,12,941,85614.53
Social,35,903,85158.26
Social,26,906,84719.74
Social,34,893,84318.59
Social,1,847,80997.64
Social,50,857,80794.43
Social,46,820,78454.65
Social,10,832,76978.05
DIRECT,0,678,65726.1
PAID SEARCH,16,66,6560.4
PAID SEARCH,17,71,6495.53
EMAIL,15,48,6262.7
PAID SEARCH,39,61,6020.45
SOCIAL,35,46,5919.23
PAID SEARCH,25,46,5699.9
PAID SEARCH,18,61,5607.24
EMAIL,4,49,5478.92
PAID SEARCH,9,61,5400.66
EMAIL,45,36,5326.45
PAID SEARCH,11,51,5317.29
PAID SEARCH,36,54,5304.43
EMAIL,5,40,5279.26
PAID SEARCH,14,46,5226.0
PAID SEARCH,38,54,5116.5
PAID SEARCH,43,49,5105.74
PAID SEARCH,31,61,5101.51
SOCIAL,3,45,4985.34
SOCIAL,40,43,4982.38
PAID SEARCH,1,41,4958.82
PAID SEARCH,40,58,4931.51
PAID SEARCH,47,48,4880.64
PAID SEARCH,48,46,4860.28
PAID SEARCH,32,54,4854.4
EMAIL,17,49,4829.61
PAID SEARCH,37,49,4818.5
PAID SEARCH,4,57,4783.73
SOCIAL,13,51,4779.87
PAID SEARCH,20,54,4779.22
EMAIL,44,45,4765.67
PAID SEARCH,26,44,4748.3
PAID SEARCH,33,56,4745.9
EMAIL,22,41,4742.64
EMAIL,39,50,4694.42
EMAIL,14,51,4668.19
SOCIAL,18,43,4663.63
SOCIAL,29,49,4558.76
PAID SEARCH,29,52,4554.76
EMAIL,19,46,4539.81
PAID SEARCH,41,48,4516.27
PAID SEARCH,8,49,4409.06
SOCIAL,11,35,4405.63
PAID SEARCH,45,55,4372.63
PAID SEARCH,28,41,4362.14
PAID SEARCH,5,47,4338.06
PAID SEARCH,24,39,4333.21
SOCIAL,23,38,4316.47
EMAIL,9,50,4303.08
SOCIAL,9,42,4276.98
SOCIAL,26,34,4220.41
PAID SEARCH,35,48,4213.54
PAID SEARCH,49,50,4211.94
PAID SEARCH,30,50,4195.58
PAID SEARCH,6,47,4153.73
EMAIL,36,35,4143.17
PAID SEARCH,3,50,4138.24
SOCIAL,45,53,4073.69
PAID SEARCH,12,35,4050.33
PAID SEARCH,10,50,4030.16
EMAIL,18,44,3941.23
EMAIL,21,49,3889.19
EMAIL,40,41,3835.24
SOCIAL,36,39,3807.82
PAID SEARCH,7,45,3798.18
SOCIAL,33,41,3728.9
EMAIL,20,49,3720.81
EMAIL,3,38,3675.54
SOCIAL,27,35,3663.6
PAID SEARCH,23,42,3645.54
SOCIAL,21,38,3624.82
EMAIL,13,42,3610.0
SOCIAL,46,41,3604.62
PAID SEARCH,2,52,3591.57
PAID SEARCH,46,42,3588.66
PAID SEARCH,13,39,3564.82
PAID SEARCH,15,44,3551.81
EMAIL,32,49,3547.78
SOCIAL,17,39,3544.87
PAID SEARCH,42,37,3539.83
EMAIL,29,49,3511.87
PAID SEARCH,19,38,3503.89
SOCIAL,8,36,3477.17
EMAIL,30,35,3463.0
SOCIAL,41,31,3459.51
EMAIL,41,33,3430.01
EMAIL,11,42,3416.14
SOCIAL,1,33,3376.77
SOCIAL,19,34,3366.63
PAID SEARCH,44,43,3324.3
EMAIL,38,30,3310.71
EMAIL,16,33,3290.71
EMAIL,8,42,3210.46
SOCIAL,5,37,3209.27
EMAIL,25,30,3176.94
EMAIL,50,36,3171.44
EMAIL,7,40,3165.89
SOCIAL,30,28,3158.38
SOCIAL,25,39,3151.61
SOCIAL,32,41,3144.25
PAID SEARCH,34,42,3104.45
SOCIAL,49,37,3104.11
SOCIAL,43,37,3090.7
PAID SEARCH,21,31,3085.99
EMAIL,27,24,3060.19
EMAIL,34,32,3028.76
SOCIAL,7,32,2996.1
EMAIL,33,29,2967.59
SOCIAL,22,31,2926.61
SOCIAL,38,23,2897.07
EMAIL,37,31,2866.78
EMAIL,48,38,2865.16
PAID SEARCH,50,29,2848.35
SOCIAL,14,35,2846.94
SOCIAL,4,24,2807.08
SOCIAL,16,32,2780.48
PAID SEARCH,27,39,2773.34
EMAIL,10,31,2751.02
SOCIAL,15,36,2712.09
PAID SEARCH,22,32,2676.32
EMAIL,43,27,2622.76
SOCIAL,42,27,2597.55
SOCIAL,34,28,2572.33
EMAIL,12,29,2569.03
SOCIAL,20,28,2514.33
SOCIAL,47,31,2512.63
EMAIL,23,27,2486.93
SOCIAL,2,36,2484.51
EMAIL,6,30,2475.69
EMAIL,28,31,2461.17
EMAIL,31,32,2445.53
EMAIL,47,33,2411.66
SOCIAL,44,37,2377.04
EMAIL,42,35,2360.6
EMAIL,35,28,2299.29
EMAIL,2,28,2291.57
EMAIL,49,31,2280.26
SOCIAL,10,25,2231.59
EMAIL,24,21,2226.69
SOCIAL,50,23,2216.59
SOCIAL,39,23,2126.17
EMAIL,1,24,2101.75
SOCIAL,28,22,2035.8
SOCIAL,12,24,1981.45
SOCIAL,6,21,1972.01
SOCIAL,37,24,1961.84
SOCIAL,48,22,1897.21
EMAIL,46,29,1888.33
SOCIAL,31,26,1866.94
EMAIL,26,28,1824.38
SOCIAL,24,24,1559.15
